﻿<?xml version="1.0" encoding="utf-8"?>
<parameters>
  <parameter name="Application Path" description="Full site path where you would like to install your application (i.e., Default Web Site/Content)" defaultValue="Default Web Site/Content" tags="iisapp">
    <parameterEntry type="ProviderPath" scope="iisapp" match="WebSite" />
  </parameter>
  <parameter name="Processing Service Url" description="Processing Service Url" tags="Hidden,NoStore">
  </parameter>
  <parameter name="Reporting Service Api Key" description="Api Key for Authentication Purpose" tags="Hidden,NoStore">
  </parameter>
  <parameter name="Master Connection String" description="Connection string to enter into config" tags="SQL, Hidden,NoStore">
  </parameter>
  <parameter name="Core Connection String" description="Connection string to enter into config" tags="SQL, Hidden,NoStore">
  </parameter>
  <parameter name="Security Connection String" description="Connection string to enter into config" tags="SQL, Hidden,NoStore">
  </parameter>
  <parameter name="Web Connection String" description="Connection string to enter into config" tags="SQL, Hidden,NoStore">
  </parameter>
  <parameter name="XDB Reference Data Connection String" description="Connection string to connect to your XDB Reference Data database" tags="SQL, Hidden,NoStore">
  </parameter>
  <parameter name="Experience Forms Connection String" description="Connection string to connect to your Experience Forms database" tags="SQL, Hidden,NoStore">
  </parameter>
  <parameter name="EXM Master Connection String" description="Connection string to connect to your EXM Master database" tags="SQL, Hidden,NoStore">
  </parameter>
  <parameter name="Search Provider" description="Sitecore Search Provider" tags="Hidden,NoStore">
  </parameter>
  <parameter name="SOLR Connection String" description="SOLR Connection String" tags="Hidden,NoStore">
    <parameterValidation kind="AllowEmpty" />
  </parameter>
  <parameter name="Messaging Connection String" description="Sitecore Messaging Connection String" tags="Hidden,NoStore">
  </parameter>
  <parameter name="Application Insights Instrumentation Key" description="Sitecore Application Insights Instrumentation Key" tags="Hidden,NoStore">
    <parameterValidation kind="AllowEmpty" />
  </parameter>
  <parameter name="Application Insights Role" description="Sitecore Application Insights Role" tags="Hidden,NoStore">
    <parameterValidation kind="AllowEmpty" />
  </parameter>
  <parameter name="XConnect Collection" description="XConnect Collection" tags="Hidden,NoStore">
  </parameter>
  <parameter name="XConnect Search" description="XConnect Search" tags="Hidden,NoStore" defaultValue="{XConnect Collection}">
  </parameter>
  <parameter name="XDB Reference Data Client" description="XDB Reference Data Client" tags="Hidden,NoStore">
  </parameter>
  <parameter name="XDB MA Reporting Client" description="XDB MA Reporting Client" tags="Hidden,NoStore">
  </parameter>
  <parameter name="XDB MA Ops Client" description="XDB MA Ops Client" tags="Hidden,NoStore">
  </parameter>
  <parameter name="XConnect Collection Certificate" description="XConnect Collection Certificate" tags="Hidden,NoStore">
  </parameter>
  <parameter name="XConnect Search Certificate" description="XConnect Search Certificate" tags="Hidden,NoStore" defaultValue="{XConnect Collection Certificate}">
  </parameter>
  <parameter name="XDB Reference Data Client Certificate" description="XDB Reference Data Client Certificate" tags="Hidden,NoStore">
  </parameter>
  <parameter name="XDB MA Reporting Client Certificate" description="XDB MA Reporting Client Certificate" tags="Hidden,NoStore">
  </parameter>
  <parameter name="XDB MA Ops Client Certificate" description="XDB MA Ops Client Certificate" tags="Hidden,NoStore">
  </parameter>
  <parameter name="Allow Invalid Client Certificates" description="Allow Invalid Client Certificates" defaultValue="false" tags="">
  </parameter>
  <parameter name="EXM Cryptographic Key" description="Cryptographic Key" tags="Hidden, SQLConnectionString, NoStore">
  </parameter>
  <parameter name="EXM Authentication Key" description="Authentication Key" tags="Hidden, SQLConnectionString, NoStore">
  </parameter>
  <parameter name="EXM Internal Api Key" description="Internal Api Key" tags="Hidden, SQLConnectionString, NoStore">
  </parameter>
  <parameter name="EXM EDS Provider" tags="Hidden,NoStore" defaultValue="CustomSmtp">
  </parameter>
  <parameter name="License Xml" tags="Hidden,NoStore">
  </parameter>
  <parameter name="IP Security Client IP" tags="Hidden,NoStore">
  </parameter>
  <parameter name="IP Security Client IP Mask" tags="Hidden,NoStore">
  </parameter>
  <parameter name="Telerik Encryption Key" tags="Hidden,NoStore">
  </parameter>
  <parameter name="Sitecore Identity Secret" description="Client secret for Sitecore Identity server" tags="Hidden,NoStore" defaultValue="">
    <parameterValidation kind="AllowEmpty" />
  </parameter>
  <parameter name="Sitecore Identity Authority" tags="Hidden,NoStore" defaultValue="https://SitecoreIdentityServerHost">
  </parameter>
</parameters>