﻿<?xml version="1.0" encoding="utf-8"?>
<parameters>
  <parameter name="Application Path" description="Full site path where you would like to install your application (i.e., Default Web Site/Content)" defaultValue="Default Web Site/Content" tags="iisapp">
    <parameterEntry type="ProviderPath" scope="iisapp" match="WebSite" />
  </parameter>
  <parameter name="EXM Cryptographic Key" description="Cryptographic Key" tags="Hidden, NoStore">
  </parameter>
  <parameter name="EXM Authentication Key" description="Authentication Key" tags="Hidden, NoStore">
  </parameter>
  <parameter name="EXM Internal Api Key" description="Internal Api Key" tags="Hidden, SQLConnectionString, NoStore">
  </parameter>
  <parameter name="Dedicated Dispatch Service" description="Dedicated Dispatch Service" tags="Hidden, SQLConnectionString, NoStore">
  </parameter>
  <parameter name="Dedicated Server Host Name" description="Dedicated Server Host Name" tags="Hidden, NoStore">
  </parameter>
</parameters>