<parameters>
  <parameter name="IIS Web Application Name" description="Full site path where you want to install your application." defaultValue="" tags="IisApp">
    <parameterEntry kind="ProviderPath" scope="iisApp" match="^Website" />
  </parameter>
  <parameter name="AppDataLogFolderAcl" description="Full site or physical path where you want to apply this ACL (for example, Default Web Site/Application or c:\Folder\SubFolder)." defaultValue="{IIS Web Application Name}\App_Data\logs" tags="Hidden, SetAcl">
    <parameterValidation kind="AllowEmpty" />
    <parameterEntry kind="ProviderPath" scope="setAcl" match="Website\\App_Data\\logs" />
  </parameter>
  <parameter name="Database Server Name" description="Database Server Name" defaultValue="(local)\SQL2016" tags="">
  </parameter>
  <parameter name="Collection Database Server Name" description="Collection Database Server Name" defaultValue="(local)\SQL2016" tags="">
  </parameter>
  <parameter name="Collection Shard Map Manager Database Name" description="Collection Shard Map Manager Database Name" defaultValue="Sitecore.Xdb.Collection.ShardMapManager" tags="" />
  <parameter name="Processing Pools Database Name" description="Processing Pools Database Name" defaultValue="Sitecore.Processing.Pools" tags="" />
  <parameter name="Marketing Automation Database Name" description="Marketing Automation Database Name" defaultValue="Sitecore.MarketingAutomation" tags="" />
  <parameter name="Reference Data Database Name" description="Reference Data Database Name" defaultValue="Sitecore.ReferenceData" tags="" />
  <parameter name="Collection Database Application User Name" description="Database Application User Name" defaultValue="collectionuser" tags="">
  </parameter>
  <parameter name="Collection Database Application User Password" description="Database Application User Password" defaultValue="12345" tags="NoStore,Password">
  </parameter>
  <parameter name="Processing Pool Database Application User Name" description="Database Application User Name" defaultValue="processingpooluser" tags="">
  </parameter>
  <parameter name="Processing Pool Database Application User Password" description="Database Application User Password" defaultValue="12345" tags="NoStore,Password">
  </parameter>
  <parameter name="Marketing Automation Database Application User Name" description="Database Application User Name" defaultValue="automationuser" tags="">
  </parameter>
  <parameter name="Marketing Automation Database Application User Password" description="Database Application User Password" defaultValue="12345" tags="NoStore,Password">
  </parameter>
  <parameter name="Reference Data Database Application User Name" description="Database Application User Name" defaultValue="referencedatauser" tags="">
  </parameter>
  <parameter name="Reference Data Database Application User Password" description="Database Application User Password" defaultValue="12345" tags="NoStore,Password">
  </parameter>
  <parameter name="Search SOLR Core Application Connection String" description="Search SOLR Core Connection String" defaultValue="http://localhost:8983/xdb" tags="">
  </parameter>
  <!-- Example of initialization <setParameter name="Search SOLR Certificate Pinning" value="&lt;AcceptCertificates&gt;&lt;t1&gt;aced5594d44b9a98f5775f9a1d58640fad7b5b1a&lt;/t1&gt;&lt;t2&gt;aced5594d44b9a98f5775f9a1d58640fad7b5b1a&lt;/t2&gt;&lt;/AcceptCertificates&gt;" /> -->
  <parameter name="Search SOLR Certificate Pinning" description="Search SOLR Certificate Pinning" defaultValue="&lt;AcceptCertificates/&gt;" tags="">
  </parameter>
  <parameter name="XConnect Server Configuration Environment" description="XConnect Server Configuration Environment" defaultValue="Development" tags="" />
  <parameter name="XConnect Server Certificate Validation Thumbprint" description="XConnect Server Certificate Validation Thumbprint" defaultValue="" tags="" />
  <parameter name="XConnect Server Log Level" description="XConnect Server Log Level" defaultValue="Warning" tags="" />
  <parameter name="XConnect Server Application Insights Key" description="XConnect Server Application Insights Key" defaultValue="" tags="">
    <parameterValidation kind="AllowEmpty" />
  </parameter>
  <parameter name="XConnect Server Instance Name" description="XConnect Server Instance Name" defaultValue="CollectionSearch" tags="" />
  <parameter name="Allow Invalid Client Certificates" description="Allow Invalid Client Certificates" defaultValue="false" tags="" />
  <parameter name="License Xml" tags="Hidden,NoStore">
  </parameter>
  <parameter name="Collection Shard Map Manager Database Application Connection String" description="Collection SQL Database Connection String" defaultValue="user id={Collection Database Application User Name};password={Collection Database Application User Password};data source={Collection Database Server Name};Initial Catalog={Collection Shard Map Manager Database Name}" tags="Hidden,NoStore">
  </parameter>
  <parameter name="Reference Data Database Connection String" description="Enter the connection string where to deploy the Reference Data database" defaultValue="user id={Database Admin User Name};password={Database Admin User Password};data source={Database Server Name};Initial Catalog={Reference Data Database Name}" tags="Hidden,NoStore" />
  <parameter name="Reference Data Database Application Connection String" description="Reference Data Database Application Connection String" defaultValue="user id={Reference Data Database Application User Name};password={Reference Data Database Application User Password};data source={Database Server Name};Initial Catalog={Reference Data Database Name}" tags="Hidden,NoStore">
  </parameter>
  <parameter name="Processing Pool Database Application Connection String" description="Processing Pool Database Application Connection String" defaultValue="user id={Processing Pool Database Application User Name};password={Processing Pool Database Application User Password};data source={Database Server Name};Initial Catalog={Processing Pools Database Name}" tags="Hidden,NoStore">
  </parameter>
  <parameter name="Marketing Automation Database Application Connection String" description="Marketing Automation Database Application Connection String" defaultValue="user id={Marketing Automation Database Application User Name};password={Marketing Automation Database Application User Password};data source={Database Server Name};Initial Catalog={Marketing Automation Database Name}" tags="Hidden,NoStore">
  </parameter>
  <parameter name="Messaging Connection String" description="Messaging Database Application Connection String" tags="Hidden,NoStore">
  </parameter>
  <parameter name="XConnect Server Configuration Environment App Setting" description="XConnect Server Configuration Environment App Setting" defaultValue="{XConnect Server Configuration Environment}" tags="Hidden,NoStore">
  </parameter>
  <parameter name="XConnect Server Certificate Validation Thumbprint App Setting" description="XConnect Server Certificate Validation Thumbprint App Setting" defaultValue="{XConnect Server Certificate Validation Thumbprint}" tags="Hidden,NoStore">
  </parameter>
  <parameter name="XConnect Server Log Level App Setting" description="XConnect Server Log Level App Setting" defaultValue="{XConnect Server Log Level}" tags="Hidden,NoStore">
  </parameter>
  <parameter name="XConnect Server Application Insights Key App Setting" description="XConnect Server Application Insights Key App Setting" defaultValue="{XConnect Server Application Insights Key}" tags="Hidden,NoStore">
    <parameterValidation kind="AllowEmpty" />
  </parameter>
  <parameter name="XP Performance Counters Type" description="Configuration for experience platform performance counters" defaultValue="Sitecore:XConnect:Diagnostics:PerformanceCounters:Disable" tags="Hidden,NoStore">
  </parameter>
  <parameter name="XConnect Server Instance Name App Setting" description="XConnect Server Instance Name App Setting" defaultValue="{XConnect Server Instance Name}" tags="Hidden,NoStore">
  </parameter>
  <parameter name="Allow Invalid Client Certificates App Setting" description="Allow Invalid Client Certificates App Setting" defaultValue="{Allow Invalid Client Certificates}" tags="Hidden,NoStore">
  </parameter>
</parameters>