<parameters>
  <parameter name="IIS Web Application Name" description="Full site path where you want to install your application." defaultValue="" tags="IisApp">
    <parameterEntry kind="ProviderPath" scope="iisApp" match="^Website" />
  </parameter>
  <parameter name="AppDataLogFolderAcl" description="Full site or physical path where you want to apply this ACL (for example, Default Web Site/Application or c:\Folder\SubFolder)." defaultValue="{IIS Web Application Name}\App_Data\logs" tags="Hidden, SetAcl">
    <parameterValidation kind="AllowEmpty" />
    <parameterEntry kind="ProviderPath" scope="setAcl" match="Website\\App_Data\\logs" />
  </parameter>
  <parameter name="Database Server Name" description="Database Server Name" defaultValue="(local)\SQL2016" tags="">
  </parameter>
  <parameter name="Database Admin User Name" description="Database Admin User Name" defaultValue="sa" tags="">
  </parameter>
  <parameter name="Database Admin User Password" description="Database Admin User Password" defaultValue="12345" tags="NoStore,Password">
  </parameter>
  <parameter name="Processing Engine Tasks Database Name" description="Processing Engine Tasks Database Name" defaultValue="Sitecore.Processing.Engine.Tasks" tags="" />
  <parameter name="Processing Engine Storage Database Name" description="Processing Engine Storage Database Name" defaultValue="Sitecore.Processing.Engine.Storage" tags="" />
  <parameter name="Reporting Database Name" description="Reporting Database Name" defaultValue="Sitecore.Reporting" tags="">
  </parameter>
  <parameter name="Processing Engine Database Application User Name" description="Database Application User Name" defaultValue="processingengineuser" tags="">
  </parameter>
  <parameter name="Processing Engine Database Application User Password" description="Database Application User Password" defaultValue="12345" tags="NoStore,Password">
  </parameter>
  <parameter name="Reporting Database Application User Name" description="Database Application User Name" defaultValue="reportinguser" tags="">
  </parameter>
  <parameter name="Reporting Database Application User Password" description="Database Application User Password" defaultValue="12345" tags="NoStore,Password">
  </parameter>
  <parameter name="XConnect Server Configuration Environment" description="XConnect Server Configuration Environment" defaultValue="Development" tags="" />
  <parameter name="XConnect Server Certificate Validation Thumbprint" description="XConnect Server Certificate Validation Thumbprint" defaultValue="" tags="" />
  <parameter name="XConnect Server Log Level" description="XConnect Server Log Level" defaultValue="Warning" tags="" />
  <parameter name="XConnect Server Application Insights Key" description="XConnect Server Application Insights Key" defaultValue="" tags="">
    <parameterValidation kind="AllowEmpty" />
  </parameter>
  <parameter name="XConnect Server Instance Name" description="XConnect Server Instance Name" defaultValue="CortexProcessing" tags="" />
  <parameter name="Allow Invalid Client Certificates" description="Allow Invalid Client Certificates" defaultValue="false" tags="" />
  <parameter name="Processing Engine Xconnect Collection Client Endpoint" description="Processing Engine Xconnect Collection Client Endpoint" defaultValue="http://localhost" tags="" />
  <parameter name="Processing Engine Xconnect Collection Client Certificate Thumbprint" description="Processing Engine Xconnect Collection Client Certificate Thumbprint" defaultValue="" tags="" />
  <parameter name="Processing Engine Xconnect Search Client Endpoint" description="Processing Engine Xconnect Search Client Endpoint" defaultValue="http://localhost" tags="" />
  <parameter name="Processing Engine Xconnect Search Client Certificate Thumbprint" description="Processing Engine Xconnect Search Client Certificate Thumbprint" defaultValue="" tags="" />
  <parameter name="Processing Engine Tasks Database Connection String" description="Enter the connection string where to deploy the Processing Engine Tasks database" defaultValue="user id={Database Admin User Name};password={Database Admin User Password};data source={Database Server Name};Initial Catalog={Processing Engine Tasks Database Name}" tags="Hidden,NoStore">
  </parameter>
  <parameter name="Processing Engine Storage Database Connection String" description="Enter the connection string where to deploy the Processing Engine Storage database" defaultValue="user id={Database Admin User Name};password={Database Admin User Password};data source={Database Server Name};Initial Catalog={Processing Engine Storage Database Name}" tags="Hidden,NoStore">
  </parameter>
  <parameter name="License Xml" tags="Hidden,NoStore">
  </parameter>
  <parameter name="Processing Engine Tasks Database Application Connection String" description="Processing Engine Tasks Database Application Connection String" defaultValue="user id={Processing Engine Database Application User Name};password={Processing Engine Database Application User Password};data source={Database Server Name};Initial Catalog={Processing Engine Tasks Database Name}" tags="Hidden,NoStore">
  </parameter>
  <parameter name="Processing Engine Storage Database Application Connection String" description="Processing Engine Storage Database Application Connection String" defaultValue="user id={Processing Engine Database Application User Name};password={Processing Engine Database Application User Password};data source={Database Server Name};Initial Catalog={Processing Engine Storage Database Name}" tags="Hidden,NoStore">
  </parameter>
  <parameter name="Reporting Database Application Connection String" description="Reporting Database Application Connection String" defaultValue="user id={Reporting Database Application User Name};password={Reporting Database Application User Password};data source={Database Server Name};Initial Catalog={Reporting Database Name}" tags="Hidden,NoStore">
  </parameter>
  <parameter name="XConnect Server Configuration Environment App Setting" description="XConnect Server Configuration Environment App Setting" defaultValue="{XConnect Server Configuration Environment}" tags="Hidden,NoStore">
  </parameter>
  <parameter name="XConnect Server Certificate Validation Thumbprint App Setting" description="XConnect Server Certificate Validation Thumbprint App Setting" defaultValue="{XConnect Server Certificate Validation Thumbprint}" tags="Hidden,NoStore">
  </parameter>
  <parameter name="XConnect Server Log Level App Setting" description="XConnect Server Log Level App Setting" defaultValue="{XConnect Server Log Level}" tags="Hidden,NoStore">
  </parameter>
  <parameter name="XConnect Server Application Insights Key App Setting" description="XConnect Server Application Insights Key App Setting" defaultValue="{XConnect Server Application Insights Key}" tags="Hidden,NoStore">
    <parameterValidation kind="AllowEmpty" />
  </parameter>
  <parameter name="XConnect Server Instance Name App Setting" description="XConnect Server Instance Name App Setting" defaultValue="{XConnect Server Instance Name}" tags="Hidden,NoStore">
  </parameter>
  <parameter name="Allow Invalid Client Certificates App Setting" description="Allow Invalid Client Certificates App Setting" defaultValue="{Allow Invalid Client Certificates}" tags="Hidden,NoStore">
  </parameter>
  <parameter name="Processing Engine Xconnect Collection Client Endpoint Connection String" description="Processing Engine Xconnect Collection Client Endpoint Connection String" defaultValue="{Processing Engine Xconnect Collection Client Endpoint}" tags="Hidden,NoStore">
  </parameter>
  <parameter name="Processing Engine Xconnect Collection Client Certificate Connection String" description="Processing Engine Xconnect Collection Client Certificate Connection String" defaultValue="StoreName=My;StoreLocation=CurrentUser;FindType=FindByThumbprint;FindValue={Processing Engine Xconnect Collection Client Certificate Thumbprint}" tags="Hidden,NoStore">
  </parameter>
  <parameter name="Processing Engine Xconnect Search Client Endpoint Connection String" description="Processing Engine Xconnect Collection Client Endpoint Connection String" defaultValue="{Processing Engine Xconnect Search Client Endpoint}" tags="Hidden,NoStore">
  </parameter>
  <parameter name="Processing Engine Xconnect Search Client Certificate Connection String" description="Processing Engine Xconnect Collection Client Certificate Connection String" defaultValue="StoreName=My;StoreLocation=CurrentUser;FindType=FindByThumbprint;FindValue={Processing Engine Xconnect Search Client Certificate Thumbprint}" tags="Hidden,NoStore">
  </parameter>
  <parameter name="XP Performance Counters Type" description="Configuration for experience platform performance counters" defaultValue="Sitecore:XConnect:Diagnostics:PerformanceCounters:Disable" tags="Hidden,NoStore">
  </parameter>
</parameters>